{"cameraMode":{"drawMode":0,"name":"Shaded","section":"Shading Mode"},"sceneLighting":true,"audioPlay":false,"sceneViewState":{"m_AlwaysRefresh":false,"showFog":true,"showSkybox":true,"showFlares":true,"showImageEffects":true,"showParticleSystems":true,"showVisualEffectGraphs":true,"m_FxEnabled":true},"in2DMode":false,"pivot":{"x":10.021276473999024,"y":2.550651788711548,"z":-4.792178630828857},"rotation":{"x":0.4159527122974396,"y":-0.057229187339544299,"z":0.02623969502747059,"w":0.9072054624557495},"size":15.556903839111329,"orthographic":true}